ClientId,CompanyName,ContactName,ContactTitle,Phone,Email
07-3782546,"Ward, McLaughlin and Hilpert",Helga Jarritt,Human Resources Manager,784-180-1220,hjarritt0@icio.us
91-7491370,"Hermiston, Kilback and Runolfsson",Leonie Willshear,Developer III,340-667-0005,lwillshear1@amazon.co.uk
36-6951968,Feil-Lang,Franzen Zelake,Desktop Support Technician,555-324-7370,fzelake2@go.com
27-2850475,"Rice, Ernser and Bailey",Filbert Sturman,Graphic Designer,419-587-8012,fsturman3@spiegel.de
31-6099767,Runolfsson-Shields,Lucine Grigor,Assistant Manager,907-466-3361,lgrigor4@princeton.edu
28-1992245,Sanford-Volkman,Boyd Sirman,Recruiter,190-793-3987,bsirman5@baidu.com
23-4061231,Marks-Abshire,Susie Piscopello,Clinical Specialist,780-615-2574,spiscopello6@wiley.com
91-7247499,Stroman-Dare,Othilia Piesold,Environmental Tech,519-238-2546,opiesold7@pbs.org
65-0110582,Haley LLC,Deina Whitney,Pharmacist,721-595-7758,dwhitney8@clickbank.net
61-2527769,Ratke-Heaney,Mae Avramovich,Sales Associate,971-183-5941,mavramovich9@etsy.com
40-9591569,"Stehr, Wolf and Veum",Lorenza Dreier,Graphic Designer,991-742-5274,ldreiera@virginia.edu
60-6574721,Langosh LLC,Avie Sharphouse,Marketing Assistant,674-837-5077,asharphouseb@scientificamerican.com
02-6082529,"Parisian, Stoltenberg and Hegmann",Theressa Millions,Operator,503-340-4323,tmillionsc@chicagotribune.com
11-2667178,Champlin Group,Francisco Solano,Research Nurse,951-229-9374,fsolanod@springer.com
98-1953455,"Cole, Mann and West",Othilia Clayton,Cost Accountant,102-311-8468,oclaytone@wix.com
96-3675775,"Reynolds, Nikolaus and Bartoletti",Angeli Readie,Internal Auditor,170-628-0978,areadief@prweb.com
66-9254244,"Cole, Kirlin and Miller",Stuart Labarre,Internal Auditor,247-454-4812,slabarreg@slate.com
36-2633931,"Rippin, Parisian and Brekke",Padraig Rosenblum,Food Chemist,655-812-7275,prosenblumh@shop-pro.jp
93-1227865,Hegmann Inc,Belicia Mulmuray,Mechanical Systems Engineer,495-655-3383,bmulmurayi@twitpic.com
39-5785753,Terry LLC,Rachel Sushams,Senior Cost Accountant,938-606-3883,rsushamsj@google.nl
38-8185906,"MacGyver, Hoppe and Pfeffer",Bekki Daintrey,Office Assistant I,653-469-1985,bdaintreyk@wikimedia.org
13-6446079,Runte-Farrell,Danila Netherclift,Design Engineer,222-998-9584,dnethercliftl@europa.eu
47-9092539,Schamberger LLC,Ermin Hillyatt,General Manager,193-502-5113,ehillyattm@sohu.com
30-8581990,Sawayn Inc,Torrin Smalridge,VP Quality Control,529-625-3607,tsmalridgen@facebook.com
70-1149306,Gleason-Larkin,Samson Jewiss,Clinical Specialist,625-774-3977,sjewisso@cbslocal.com
02-5370326,Konopelski LLC,Horst Golding,Research Nurse,663-144-2187,hgoldingp@behance.net
26-8280866,Yost Group,Titos Norton,Account Representative IV,837-107-4235,tnortonq@arstechnica.com
84-5161580,Champlin LLC,Chaddy Cowpland,Marketing Assistant,242-299-0574,ccowplandr@umich.edu
84-2771037,Bayer-Heaney,Jenifer Dumke,Dental Hygienist,366-786-0789,jdumkes@nature.com
81-7951252,Beer Inc,Brett Collibear,Registered Nurse,924-324-4640,bcollibeart@xrea.com
81-4878867,Jast-Ryan,Cecile Starten,Programmer Analyst II,863-640-1337,cstartenu@cornell.edu
94-4535996,Ratke-Mosciski,Tracey Thor,Safety Technician IV,512-332-8616,tthorv@de.vu
99-6983093,Heidenreich LLC,Cindra Birth,Paralegal,806-529-0759,cbirthw@sphinn.com
77-0639402,"Legros, Cartwright and Bradtke",Tallou Rhodes,Executive Secretary,961-863-9225,trhodesx@bbc.co.uk
15-6559030,Prosacco-Cole,Aldis Firth,Registered Nurse,171-829-7729,afirthy@cbc.ca
72-3360478,Grady-Spinka,Silvie Momery,Programmer IV,455-674-9511,smomeryz@tripadvisor.com
84-2085126,Jaskolski-Herzog,Free Rousel,Dental Hygienist,628-698-4699,frousel10@zimbio.com
59-9344323,Farrell Group,Ortensia Longthorn,Assistant Professor,142-596-0065,olongthorn11@dropbox.com
97-2402316,Wisozk and Sons,Read Hesey,Staff Accountant IV,500-512-0042,rhesey12@altervista.org
38-1728415,Bradtke and Sons,Rosalyn O'Scollee,General Manager,547-690-6185,roscollee13@jimdo.com
16-0696921,"Rohan, Bailey and Witting",Gabriela Fick,Accountant II,437-765-9991,gfick14@sun.com
37-0290792,Boehm-Lang,Jeddy Roney,Food Chemist,620-300-4405,jroney15@cargocollective.com
96-5038420,Wisoky-Doyle,Gaylord Castleton,Editor,757-885-4221,gcastleton16@linkedin.com
98-4697857,Bartell-Pacocha,Claudian Sabatini,Electrical Engineer,346-246-9057,csabatini17@linkedin.com
11-8390228,Hilpert Inc,Meghann Hurdis,Speech Pathologist,386-404-6795,mhurdis18@csmonitor.com
93-7718594,Romaguera-Welch,Welsh Caghan,Business Systems Development Analyst,280-121-8646,wcaghan19@deviantart.com
17-3010163,"Vandervort, Becker and Waters",Norman Foxen,Senior Quality Engineer,446-290-7866,nfoxen1a@newyorker.com
50-5816844,Gaylord-Bode,Susette Sysland,Analyst Programmer,727-333-5805,ssysland1b@ning.com
23-8258699,Braun and Sons,Giorgi Ettridge,Statistician IV,579-271-4889,gettridge1c@edublogs.org
97-6640661,Bradtke Group,Albina Druce,Office Assistant I,541-959-1287,adruce1d@ezinearticles.com
86-9002093,Cruickshank LLC,Ddene Macauley,Web Developer IV,766-608-7084,dmacauley1e@whitehouse.gov
50-5296087,"Ryan, Feest and Hammes",Valentino Becraft,Community Outreach Specialist,650-551-9608,vbecraft1f@vinaora.com
57-0109454,"Murray, Rosenbaum and Parisian",Kamila Pedrocchi,Technical Writer,708-967-2758,kpedrocchi1g@example.com
10-2574592,Green Group,Teressa Dybbe,Executive Secretary,896-645-4512,tdybbe1h@tripadvisor.com
77-0522712,"Koss, Ziemann and Blick",Stephan Dukelow,Assistant Manager,888-340-2202,sdukelow1i@oracle.com
15-1871545,Graham-Flatley,Israel Attawell,Food Chemist,607-913-4680,iattawell1j@wikimedia.org
28-6771311,Green-Berge,Saba Aberhart,Graphic Designer,464-365-5707,saberhart1k@facebook.com
03-9672637,Dooley LLC,Leena Niccols,Senior Financial Analyst,897-227-7326,lniccols1l@reuters.com
39-9911351,Balistreri and Sons,Shay Quince,Quality Engineer,307-365-5462,squince1m@google.com.br
09-7011589,Bernier-Kris,Johanna Toderi,Information Systems Manager,807-224-6787,jtoderi1n@posterous.com
62-1600230,Hansen-Hand,Purcell Maudsley,Database Administrator I,211-840-3160,pmaudsley1o@epa.gov
45-1739610,Durgan LLC,Welby Gabbatiss,Professor,489-576-2237,wgabbatiss1p@nhs.uk
57-5091192,Ward-Swift,Leonie Egiloff,Junior Executive,450-741-4474,legiloff1q@spotify.com
55-8656065,"Corwin, Crooks and Heller",Jedediah Paoloni,Actuary,546-296-2674,jpaoloni1r@shareasale.com
62-4976588,Kiehn-Smith,Granville Stichel,Research Assistant III,281-206-8947,gstichel1s@huffingtonpost.com
46-0120237,Kreiger Group,Ilse Ingraham,Editor,424-568-7966,iingraham1t@deviantart.com
82-0242962,Raynor LLC,Sada Tampion,Librarian,242-435-1017,stampion1u@ifeng.com
44-0942688,Skiles-Christiansen,Lucias Domico,Junior Executive,514-577-3066,ldomico1v@noaa.gov
34-0857973,Hauck and Sons,Dwayne Stanmer,Software Test Engineer IV,157-335-0825,dstanmer1w@bbc.co.uk
22-0711290,Buckridge-Pagac,Chase Hastilow,Actuary,816-577-5342,chastilow1x@mayoclinic.com
61-4610881,Dooley-Sporer,Pierre Harnetty,Senior Editor,386-979-7108,pharnetty1y@macromedia.com
95-9427029,Reynolds-Tremblay,Nert De Bernardi,Senior Sales Associate,196-364-0473,nde1z@sciencedaily.com
16-3352602,Ruecker-Bergnaum,Trudy Wolseley,Food Chemist,937-684-5904,twolseley20@so-net.ne.jp
86-4858082,"Lakin, Heathcote and Goodwin",Veronika Surr,Information Systems Manager,947-415-4170,vsurr21@mit.edu
61-0926492,Mohr Group,Tarah Leipnik,Research Associate,937-640-7424,tleipnik22@shutterfly.com
00-7782271,"Bartoletti, Kreiger and Anderson",Puff Heathwood,Pharmacist,968-745-4300,pheathwood23@github.io
65-8609314,McLaughlin Group,Paige Trevethan,Senior Sales Associate,849-564-1444,ptrevethan24@creativecommons.org
72-3086395,Treutel Group,Heindrick Boustred,VP Marketing,647-523-7028,hboustred25@ucoz.ru
19-6372697,Christiansen LLC,Madeleine Craighill,Legal Assistant,944-383-6648,mcraighill26@soundcloud.com
47-6851640,"Adams, Kemmer and Bode",Carlin Bruford,Quality Engineer,469-170-3234,cbruford27@illinois.edu
26-0696047,"Conroy, Braun and Feest",Raffarty Grissett,Budget/Accounting Analyst I,954-196-3288,rgrissett28@youtube.com
96-7503365,Brakus-Spencer,Livia Piddick,Registered Nurse,680-793-9449,lpiddick29@nps.gov
16-4018587,Hessel LLC,Neille Taphouse,Recruiting Manager,933-722-8368,ntaphouse2a@cornell.edu
00-1280383,Swift-Bashirian,Brendon Schulke,Staff Scientist,617-103-7690,bschulke2b@slashdot.org
58-8327688,"Walter, Kassulke and Legros",Pat Bakhrushkin,Recruiter,798-866-2127,pbakhrushkin2c@google.fr
73-5512596,Mayert and Sons,Arny Meade,Legal Assistant,642-579-7007,ameade2d@usda.gov
89-2881190,Mohr-Jast,Denys Mustard,Computer Systems Analyst II,375-879-5102,dmustard2e@storify.com
52-2036445,"Kling, Smith and Bauch",Ulla Dantesia,Food Chemist,886-712-4051,udantesia2f@cdbaby.com
50-2059208,Mitchell-Fadel,Padget Willett,Mechanical Systems Engineer,689-602-8097,pwillett2g@barnesandnoble.com
74-4316002,Dickinson and Sons,Luella Blakeslee,Web Developer IV,507-849-1440,lblakeslee2h@tripod.com
14-1224414,Kunde Group,Lynett Hasselby,Account Coordinator,359-980-7978,lhasselby2i@vk.com
74-9652303,Doyle-Kshlerin,Randell Perkis,Software Consultant,130-915-7002,rperkis2j@baidu.com
55-9129404,"Parisian, Mayert and Beahan",Andi Moulden,Account Representative I,128-928-4517,amoulden2k@ihg.com
40-6467323,Feest-Abernathy,Dolly Hofton,Web Developer II,234-712-5925,dhofton2l@japanpost.jp
91-0204264,"Koelpin, Monahan and Hagenes",Quintilla Wyndham,Accountant III,434-340-1052,qwyndham2m@ted.com
38-2443679,Cummerata-Monahan,Laurella Sextone,Account Representative III,373-971-3228,lsextone2n@who.int
34-1553000,Zulauf Inc,Menard Manwaring,Account Representative IV,323-260-0322,mmanwaring2o@disqus.com
91-1752844,Mann-Rosenbaum,Jody Linthead,Professor,141-406-8915,jlinthead2p@illinois.edu
44-0318379,"Jast, Turcotte and Brown",Zorah Grandison,Internal Auditor,726-399-5025,zgrandison2q@booking.com
23-5360092,Hills and Sons,Sandy Swayne,Senior Sales Associate,208-334-1677,sswayne2r@npr.org
